{"learning_rate": 2.658616083788978e-05, "batch_size": 12, "weight_decay": 0.2900332895916222}