{
  "learning_rate": 2.6771137242145903e-05,
  "batch_size": 12,
  "weight_decay": 0.1422602954229404
}