{
  "learning_rate": 3.538461259525519e-05,
  "batch_size": 12,
  "weight_decay": 0.02347061968879934
}